position	num_amino_acids	entropy	normalized_entropy	variability	gap_frequency	rate_category
1	6	2.521640636343318	0.8982265179691364	0.5806922063529892	0.125	variable
2	7	2.75	0.9166666666666666	0.6162280701754386	0.0	variable
3	7	2.75	0.9166666666666666	0.6162280701754386	0.0	variable
4	4	1.950212064914747	0.6946795539074095	0.4262871453747574	0.125	moderate
5	6	2.5216406363433186	0.8982265179691366	0.5806922063529893	0.125	variable
6	3	1.4488156357251847	0.516078542239789	0.3106708500672629	0.125	moderate
7	3	1.3787834934861753	0.49113258984568253	0.2981978738702097	0.125	moderate
8	4	1.8423709931771088	0.656265789089031	0.4070802629655681	0.125	moderate
9	4	1.6644977792004614	0.5929060718765461	0.37540040435932565	0.125	moderate
10	3	1.1488348542809166	0.4092232318950598	0.25724319489489833	0.125	moderate
11	5	2.25	0.75	0.48026315789473684	0.0	moderate
12	7	2.75	0.9166666666666666	0.6162280701754386	0.0	variable
13	5	2.1556390622295662	0.7185463540765221	0.4645363349329979	0.0	moderate
14	4	1.75	0.5833333333333334	0.3706140350877193	0.0	moderate
15	7	2.75	0.9166666666666666	0.6162280701754386	0.0	variable
16	2	0.5435644431995964	0.1811881477331988	0.11690986334028361	0.0	conserved
17	8	3.0	1.0	0.6842105263157895	0.0	variable
18	4	1.9056390622295665	0.6352130207431889	0.39655387879264703	0.0	moderate
19	2	0.5435644431995964	0.1811881477331988	0.11690986334028361	0.0	conserved
20	5	2.25	0.75	0.48026315789473684	0.0	moderate
21	4	1.9056390622295665	0.6352130207431889	0.39655387879264703	0.0	moderate
22	1	0.0	0.0	0.0	0.0	conserved
23	4	1.811278124459133	0.603759374819711	0.38082705583090815	0.0	moderate
24	6	2.5	0.8333333333333334	0.5482456140350878	0.0	variable
25	5	2.1556390622295662	0.7185463540765221	0.4645363349329979	0.0	moderate
26	5	2.1556390622295662	0.7185463540765221	0.4645363349329979	0.0	moderate
27	2	0.5435644431995964	0.1811881477331988	0.11690986334028361	0.0	conserved
28	5	2.1556390622295662	0.7185463540765221	0.4645363349329979	0.0	moderate
29	4	1.75	0.5833333333333334	0.3706140350877193	0.0	moderate
30	5	2.25	0.75	0.48026315789473684	0.0	moderate
31	7	2.75	0.9166666666666666	0.6162280701754386	0.0	variable
32	6	2.5	0.8333333333333334	0.5482456140350878	0.0	variable
33	4	1.9056390622295665	0.6352130207431889	0.39655387879264703	0.0	moderate
34	6	2.5	0.8333333333333334	0.5482456140350878	0.0	variable
35	5	2.1556390622295662	0.7185463540765221	0.4645363349329979	0.0	moderate
36	4	1.75	0.5833333333333334	0.3706140350877193	0.0	moderate
37	4	1.75	0.5833333333333334	0.3706140350877193	0.0	moderate
38	6	2.5	0.8333333333333334	0.5482456140350878	0.0	variable
39	4	1.9056390622295665	0.6352130207431889	0.39655387879264703	0.0	moderate
40	2	0.5435644431995964	0.1811881477331988	0.11690986334028361	0.0	conserved
41	4	1.9056390622295665	0.6352130207431889	0.39655387879264703	0.0	moderate
42	6	2.5	0.8333333333333334	0.5482456140350878	0.0	variable
43	3	1.2987949406953985	0.43293164689846614	0.2690974023966015	0.0	moderate
44	7	2.75	0.9166666666666666	0.6162280701754386	0.0	variable
45	3	1.2987949406953985	0.43293164689846614	0.2690974023966015	0.0	moderate
46	1	0.0	0.0	0.0	0.0	conserved
47	3	1.2987949406953985	0.43293164689846614	0.2690974023966015	0.0	moderate
48	6	2.5	0.8333333333333334	0.5482456140350878	0.0	variable
49	2	0.5435644431995964	0.1811881477331988	0.11690986334028361	0.0	conserved
50	5	2.0	0.6666666666666666	0.43859649122807015	0.0	moderate
51	1	0.0	0.0	0.0	0.0	conserved
52	5	2.1556390622295662	0.7185463540765221	0.4645363349329979	0.0	moderate
53	2	0.5435644431995964	0.1811881477331988	0.11690986334028361	0.0	conserved
54	3	1.061278124459133	0.353759374819711	0.2295112663572239	0.0	moderate
55	4	1.5487949406953985	0.5162649802317995	0.3370798585369523	0.0	moderate
56	3	1.061278124459133	0.353759374819711	0.2295112663572239	0.0	moderate
57	2	0.954434002924965	0.318144667641655	0.1853881232945117	0.0	conserved
58	3	1.4056390622295665	0.4685463540765222	0.2869047559856295	0.0	moderate
59	1	0.0	0.0	0.0	0.0	conserved
60	1	0.0	0.0	0.0	0.0	conserved
61	1	0.0	0.0	0.0	0.0	conserved
62	2	0.5435644431995964	0.1811881477331988	0.11690986334028361	0.0	conserved
63	3	1.061278124459133	0.353759374819711	0.2295112663572239	0.0	moderate
64	1	0.0	0.0	0.0	0.125	conserved
65	1	0.0	0.0	0.0	0.125	conserved
66	3	1.3787834934861753	0.49113258984568253	0.2981978738702097	0.125	moderate
67	5	2.2359263506290326	0.796453035938273	0.5034896758638734	0.125	variable
68	3	1.1488348542809166	0.4092232318950598	0.25724319489489833	0.125	moderate
69	1	0.0	0.0	0.0	0.125	conserved
70	6	2.5216406363433186	0.8982265179691366	0.5806922063529893	0.125	variable
71	2	0.5435644431995964	0.1811881477331988	0.11690986334028361	0.0	conserved
72	2	0.5435644431995964	0.1811881477331988	0.11690986334028361	0.0	conserved
73	2	0.5435644431995964	0.1811881477331988	0.11690986334028361	0.0	conserved
74	5	2.25	0.75	0.48026315789473684	0.0	moderate
75	2	0.5435644431995964	0.1811881477331988	0.11690986334028361	0.0	conserved
76	3	1.061278124459133	0.353759374819711	0.2295112663572239	0.0	moderate
77	4	1.811278124459133	0.603759374819711	0.38082705583090815	0.0	moderate
78	4	1.75	0.5833333333333334	0.3706140350877193	0.0	moderate
79	3	1.061278124459133	0.353759374819711	0.2295112663572239	0.0	moderate
80	3	1.561278124459133	0.5204260414863776	0.3128445996905572	0.0	moderate
81	4	1.9056390622295665	0.6352130207431889	0.39655387879264703	0.0	moderate
82	4	1.5487949406953985	0.5162649802317995	0.3370798585369523	0.0	moderate
83	4	1.75	0.5833333333333334	0.3706140350877193	0.0	moderate
84	5	2.1556390622295662	0.7185463540765221	0.4645363349329979	0.0	moderate
85	4	1.9056390622295665	0.6352130207431889	0.39655387879264703	0.0	moderate
86	6	2.5	0.8333333333333334	0.5482456140350878	0.0	variable
87	2	0.5435644431995964	0.1811881477331988	0.11690986334028361	0.0	conserved
88	6	2.5	0.8333333333333334	0.5482456140350878	0.0	variable
89	3	1.4056390622295665	0.4685463540765222	0.2869047559856295	0.0	moderate
90	2	0.954434002924965	0.318144667641655	0.1853881232945117	0.0	conserved
91	2	0.5435644431995964	0.1811881477331988	0.11690986334028361	0.0	conserved
92	1	0.0	0.0	0.0	0.0	conserved
93	4	1.811278124459133	0.603759374819711	0.38082705583090815	0.0	moderate
94	2	0.5435644431995964	0.1811881477331988	0.11690986334028361	0.0	conserved
95	4	1.75	0.5833333333333334	0.3706140350877193	0.0	moderate
96	2	0.5435644431995964	0.1811881477331988	0.11690986334028361	0.0	conserved
97	1	0.0	0.0	0.0	0.0	conserved
98	1	0.0	0.0	0.0	0.0	conserved
99	1	0.0	0.0	0.0	0.0	conserved
100	1	0.0	0.0	0.0	0.0	conserved
101	3	1.061278124459133	0.353759374819711	0.2295112663572239	0.0	moderate
102	1	0.0	0.0	0.0	0.125	conserved
103	1	0.0	0.0	0.0	0.125	conserved
104	1	0.0	0.0	0.0	0.125	conserved
105	1	0.0	0.0	0.0	0.125	conserved
106	1	0.0	0.0	0.0	0.125	conserved
107	1	0.0	0.0	0.0	0.125	conserved
108	2	0.5916727785823275	0.21075809614719848	0.13169483754728345	0.125	conserved
109	3	1.1488348542809166	0.4092232318950598	0.25724319489489833	0.125	moderate
110	1	0.0	0.0	0.0	0.125	conserved
111	1	0.0	0.0	0.0	0.0	conserved
112	3	1.561278124459133	0.5204260414863776	0.3128445996905572	0.0	moderate
113	4	1.811278124459133	0.603759374819711	0.38082705583090815	0.0	moderate
114	3	1.4056390622295665	0.4685463540765222	0.2869047559856295	0.0	moderate
115	4	1.811278124459133	0.603759374819711	0.38082705583090815	0.0	moderate
116	3	1.061278124459133	0.353759374819711	0.2295112663572239	0.0	moderate
117	4	1.5487949406953985	0.5162649802317995	0.3370798585369523	0.0	moderate
118	6	2.5	0.8333333333333334	0.5482456140350878	0.0	variable
119	3	1.4056390622295665	0.4685463540765222	0.2869047559856295	0.0	moderate
120	4	1.75	0.5833333333333334	0.3706140350877193	0.0	moderate
121	4	1.9502120649147465	0.6946795539074094	0.4262871453747573	0.125	moderate
122	1	0.0	0.0	0.0	0.0	conserved
123	1	0.0	0.0	0.0	0.0	conserved
124	5	2.1556390622295662	0.7185463540765221	0.4645363349329979	0.0	moderate
125	3	1.2987949406953985	0.43293164689846614	0.2690974023966015	0.0	moderate
126	4	1.75	0.5833333333333334	0.3706140350877193	0.0	moderate
127	2	0.5435644431995964	0.1811881477331988	0.11690986334028361	0.0	conserved
128	4	1.811278124459133	0.603759374819711	0.38082705583090815	0.0	moderate
129	3	1.061278124459133	0.353759374819711	0.2295112663572239	0.0	moderate
130	4	1.75	0.5833333333333334	0.3706140350877193	0.0	moderate
131	5	2.0	0.6666666666666666	0.43859649122807015	0.0	moderate
132	5	2.1556390622295662	0.7185463540765221	0.4645363349329979	0.0	moderate
133	5	2.0	0.6666666666666666	0.43859649122807015	0.0	moderate
134	5	2.2359263506290326	0.796453035938273	0.5034896758638734	0.125	variable
135	4	1.8423709931771088	0.656265789089031	0.4070802629655681	0.125	moderate
136	3	1.061278124459133	0.353759374819711	0.2295112663572239	0.0	moderate
137	2	0.5435644431995964	0.1811881477331988	0.11690986334028361	0.0	conserved
138	2	0.5435644431995964	0.1811881477331988	0.11690986334028361	0.0	conserved
139	5	2.25	0.75	0.48026315789473684	0.0	moderate
140	3	1.061278124459133	0.353759374819711	0.2295112663572239	0.0	moderate
141	3	1.5	0.5	0.3026315789473684	0.0	moderate
142	1	0.0	0.0	0.0	0.0	conserved
143	5	2.25	0.75	0.48026315789473684	0.0	moderate
144	2	0.5435644431995964	0.1811881477331988	0.11690986334028361	0.0	conserved
145	3	1.061278124459133	0.353759374819711	0.2295112663572239	0.0	moderate
146	3	1.5	0.5	0.3026315789473684	0.0	moderate
147	5	2.0	0.6666666666666666	0.43859649122807015	0.0	moderate
148	4	1.75	0.5833333333333334	0.3706140350877193	0.0	moderate
149	4	1.5487949406953985	0.5162649802317995	0.3370798585369523	0.0	moderate
150	3	1.061278124459133	0.353759374819711	0.2295112663572239	0.0	moderate
151	3	1.2987949406953985	0.43293164689846614	0.2690974023966015	0.0	moderate
152	4	1.5487949406953985	0.5162649802317995	0.3370798585369523	0.0	moderate
153	6	2.4056390622295662	0.8018796874098554	0.5325187910733488	0.0	variable
154	1	0.0	0.0	0.0	0.0	conserved
155	3	1.061278124459133	0.353759374819711	0.2295112663572239	0.0	moderate
156	5	2.1556390622295662	0.7185463540765221	0.4645363349329979	0.0	moderate
157	2	0.5435644431995964	0.1811881477331988	0.11690986334028361	0.0	conserved
158	4	1.5487949406953985	0.5162649802317995	0.3370798585369523	0.0	moderate
159	4	1.75	0.5833333333333334	0.3706140350877193	0.0	moderate
160	2	0.5435644431995964	0.1811881477331988	0.11690986334028361	0.0	conserved
161	1	0.0	0.0	0.0	0.0	conserved
162	1	0.0	0.0	0.0	0.0	conserved
163	1	0.0	0.0	0.0	0.0	conserved
164	1	0.0	0.0	0.0	0.0	conserved
165	2	0.5435644431995964	0.1811881477331988	0.11690986334028361	0.0	conserved
166	3	1.061278124459133	0.353759374819711	0.2295112663572239	0.0	moderate
167	2	0.5435644431995964	0.1811881477331988	0.11690986334028361	0.0	conserved
168	2	0.5435644431995964	0.1811881477331988	0.11690986334028361	0.0	conserved
169	2	0.5435644431995964	0.1811881477331988	0.11690986334028361	0.0	conserved
170	5	2.25	0.75	0.48026315789473684	0.0	moderate
171	2	0.5435644431995964	0.1811881477331988	0.11690986334028361	0.0	conserved
172	2	0.5435644431995964	0.1811881477331988	0.11690986334028361	0.0	conserved
173	2	0.5435644431995964	0.1811881477331988	0.11690986334028361	0.0	conserved
174	3	1.4056390622295665	0.4685463540765222	0.2869047559856295	0.0	moderate
175	2	0.5435644431995964	0.1811881477331988	0.11690986334028361	0.0	conserved
176	2	0.5435644431995964	0.1811881477331988	0.11690986334028361	0.0	conserved
177	2	0.8112781244591328	0.2704260414863776	0.16152881021687301	0.0	conserved
178	2	0.5435644431995964	0.1811881477331988	0.11690986334028361	0.0	conserved
179	3	1.061278124459133	0.353759374819711	0.2295112663572239	0.0	moderate
180	6	2.5	0.8333333333333334	0.5482456140350878	0.0	variable
181	2	0.5435644431995964	0.1811881477331988	0.11690986334028361	0.0	conserved
182	2	0.5435644431995964	0.1811881477331988	0.11690986334028361	0.0	conserved
183	2	0.5435644431995964	0.1811881477331988	0.11690986334028361	0.0	conserved
184	2	0.5435644431995964	0.1811881477331988	0.11690986334028361	0.0	conserved
185	1	0.0	0.0	0.0	0.0	conserved
186	2	0.5435644431995964	0.1811881477331988	0.11690986334028361	0.0	conserved
187	1	0.0	0.0	0.0	0.0	conserved
188	2	0.5435644431995964	0.1811881477331988	0.11690986334028361	0.0	conserved
189	2	0.5435644431995964	0.1811881477331988	0.11690986334028361	0.0	conserved
190	2	0.5435644431995964	0.1811881477331988	0.11690986334028361	0.0	conserved
191	4	1.9056390622295665	0.6352130207431889	0.39655387879264703	0.0	moderate
192	4	1.75	0.5833333333333334	0.3706140350877193	0.0	moderate
193	8	3.0	1.0	0.6842105263157895	0.0	variable
194	4	1.75	0.5833333333333334	0.3706140350877193	0.0	moderate
195	2	0.5435644431995964	0.1811881477331988	0.11690986334028361	0.0	conserved
196	3	1.2987949406953985	0.43293164689846614	0.2690974023966015	0.0	moderate
197	2	0.954434002924965	0.318144667641655	0.1853881232945117	0.0	conserved
198	1	0.0	0.0	0.0	0.0	conserved
199	5	2.1556390622295662	0.7185463540765221	0.4645363349329979	0.0	moderate
200	4	1.75	0.5833333333333334	0.3706140350877193	0.0	moderate
201	2	0.863120568566631	0.30744974986419643	0.18004066440578242	0.125	conserved
202	2	0.5916727785823275	0.21075809614719848	0.13169483754728345	0.125	conserved
203	4	1.6644977792004614	0.5929060718765461	0.37540040435932565	0.125	moderate
204	4	1.8423709931771086	0.656265789089031	0.4070802629655681	0.125	moderate
205	4	1.8423709931771088	0.656265789089031	0.4070802629655681	0.125	moderate
206	1	0.0	0.0	0.0	0.125	conserved
207	5	2.1280852788913944	0.7580392711198944	0.48428279345468406	0.125	moderate
208	2	0.5916727785823275	0.21075809614719848	0.13169483754728345	0.125	conserved
209	4	1.6644977792004614	0.5929060718765461	0.37540040435932565	0.125	moderate
210	2	0.9852281360342515	0.35094534299644053	0.20178846097190448	0.125	moderate
211	4	1.8423709931771088	0.656265789089031	0.4070802629655681	0.125	moderate
212	3	1.5566567074628228	0.5544923070581674	0.32987773247645213	0.125	moderate
213	3	1.3787834934861753	0.49113258984568253	0.2981978738702097	0.125	moderate
214	6	2.521640636343318	0.8982265179691364	0.5806922063529892	0.125	variable
215	1	0.0	0.0	0.0	0.125	conserved
216	4	1.9502120649147465	0.6946795539074094	0.4262871453747573	0.125	moderate
217	6	2.5216406363433186	0.8982265179691366	0.5806922063529893	0.125	variable
218	3	1.1488348542809166	0.4092232318950598	0.25724319489489833	0.125	moderate
219	3	1.2987949406953985	0.43293164689846614	0.2690974023966015	0.0	moderate
220	5	2.1556390622295662	0.7185463540765221	0.4645363349329979	0.0	moderate
221	6	2.5	0.8333333333333334	0.5482456140350878	0.0	variable
222	2	0.5435644431995964	0.1811881477331988	0.11690986334028361	0.0	conserved
223	5	2.25	0.75	0.48026315789473684	0.0	moderate
224	1	0.0	0.0	0.0	0.0	conserved
225	1	0.0	0.0	0.0	0.0	conserved
226	6	2.4056390622295662	0.8018796874098554	0.5325187910733488	0.0	variable
227	4	1.75	0.5833333333333334	0.3706140350877193	0.0	moderate
228	4	1.9056390622295665	0.6352130207431889	0.39655387879264703	0.0	moderate
229	3	1.2987949406953985	0.43293164689846614	0.2690974023966015	0.0	moderate
230	3	1.5	0.5	0.3026315789473684	0.0	moderate
231	3	1.2987949406953985	0.43293164689846614	0.2690974023966015	0.0	moderate
232	3	1.061278124459133	0.353759374819711	0.2295112663572239	0.0	moderate
233	1	0.0	0.0	0.0	0.0	conserved
234	1	0.0	0.0	0.0	0.0	conserved
235	2	0.5435644431995964	0.1811881477331988	0.11690986334028361	0.0	conserved
236	3	1.2987949406953985	0.43293164689846614	0.2690974023966015	0.0	moderate
237	7	2.75	0.9166666666666666	0.6162280701754386	0.0	variable
238	4	1.75	0.5833333333333334	0.3706140350877193	0.0	moderate
239	2	0.5435644431995964	0.1811881477331988	0.11690986334028361	0.0	conserved
240	3	1.061278124459133	0.353759374819711	0.2295112663572239	0.0	moderate
241	5	2.1556390622295662	0.7185463540765221	0.4645363349329979	0.0	moderate
242	5	2.1556390622295662	0.7185463540765221	0.4645363349329979	0.0	moderate
243	6	2.5	0.8333333333333334	0.5482456140350878	0.0	variable
244	5	2.1556390622295662	0.7185463540765221	0.4645363349329979	0.0	moderate
245	3	1.061278124459133	0.353759374819711	0.2295112663572239	0.0	moderate
246	3	1.2987949406953985	0.43293164689846614	0.2690974023966015	0.0	moderate
247	6	2.5	0.8333333333333334	0.5482456140350878	0.0	variable
248	5	2.25	0.75	0.48026315789473684	0.0	moderate
249	5	2.1556390622295662	0.7185463540765221	0.4645363349329979	0.0	moderate
250	6	2.5	0.8333333333333334	0.5482456140350878	0.0	variable
251	7	2.75	0.9166666666666666	0.6162280701754386	0.0	variable
252	3	1.061278124459133	0.353759374819711	0.2295112663572239	0.0	moderate
253	5	2.1556390622295662	0.7185463540765221	0.4645363349329979	0.0	moderate
254	5	2.0	0.6666666666666666	0.43859649122807015	0.0	moderate
255	4	1.75	0.5833333333333334	0.3706140350877193	0.0	moderate
256	4	1.6644977792004614	0.5929060718765461	0.37540040435932565	0.125	moderate
257	3	1.3787834934861753	0.49113258984568253	0.2981978738702097	0.125	moderate
258	6	2.4056390622295662	0.8018796874098554	0.5325187910733488	0.0	variable
259	7	2.75	0.9166666666666666	0.6162280701754386	0.0	variable
260	7	2.75	0.9166666666666666	0.6162280701754386	0.0	variable
261	4	1.9056390622295665	0.6352130207431889	0.39655387879264703	0.0	moderate
262	3	1.061278124459133	0.353759374819711	0.2295112663572239	0.0	moderate
263	2	0.954434002924965	0.318144667641655	0.1853881232945117	0.0	conserved
264	1	0.0	0.0	0.0	0.0	conserved
265	4	1.75	0.5833333333333334	0.3706140350877193	0.0	moderate
266	2	0.5435644431995964	0.1811881477331988	0.11690986334028361	0.0	conserved
267	1	0.0	0.0	0.0	0.0	conserved
268	3	1.4056390622295665	0.4685463540765222	0.2869047559856295	0.0	moderate
269	2	0.5435644431995964	0.1811881477331988	0.11690986334028361	0.0	conserved
270	3	1.061278124459133	0.353759374819711	0.2295112663572239	0.0	moderate
271	5	2.0	0.6666666666666666	0.43859649122807015	0.0	moderate
272	2	0.5435644431995964	0.1811881477331988	0.11690986334028361	0.0	conserved
273	3	1.2987949406953985	0.43293164689846614	0.2690974023966015	0.0	moderate
274	5	2.1556390622295662	0.7185463540765221	0.4645363349329979	0.0	moderate
275	4	1.8423709931771084	0.6562657890890309	0.4070802629655681	0.125	moderate
276	4	1.8423709931771086	0.656265789089031	0.4070802629655681	0.125	moderate
277	1	0.0	0.0	0.0	0.125	conserved
278	3	1.1488348542809166	0.4092232318950598	0.25724319489489833	0.125	moderate
279	6	2.521640636343318	0.8982265179691364	0.5806922063529892	0.125	variable
280	2	0.5435644431995964	0.1811881477331988	0.11690986334028361	0.0	conserved
281	5	2.25	0.75	0.48026315789473684	0.0	moderate
282	5	2.25	0.75	0.48026315789473684	0.0	moderate
283	6	2.5	0.8333333333333334	0.5482456140350878	0.0	variable
284	3	1.2987949406953985	0.43293164689846614	0.2690974023966015	0.0	moderate
285	6	2.4056390622295662	0.8018796874098554	0.5325187910733488	0.0	variable
286	5	2.25	0.75	0.48026315789473684	0.0	moderate
287	2	0.5435644431995964	0.1811881477331988	0.11690986334028361	0.0	conserved
288	3	1.2987949406953985	0.43293164689846614	0.2690974023966015	0.0	moderate
289	6	2.4056390622295662	0.8018796874098554	0.5325187910733488	0.0	variable
290	6	2.5	0.8333333333333334	0.5482456140350878	0.0	variable
291	1	0.0	0.0	0.0	0.0	conserved
292	4	1.9056390622295665	0.6352130207431889	0.39655387879264703	0.0	moderate
293	6	2.4056390622295662	0.8018796874098554	0.5325187910733488	0.0	variable
294	3	1.4488156357251847	0.516078542239789	0.3106708500672629	0.125	moderate
295	2	0.863120568566631	0.30744974986419643	0.18004066440578242	0.125	conserved
296	5	2.2359263506290326	0.796453035938273	0.5034896758638734	0.125	variable
297	1	0.0	0.0	0.0	0.0	conserved
298	3	1.2987949406953985	0.43293164689846614	0.2690974023966015	0.0	moderate
299	1	0.0	0.0	0.0	0.0	conserved
300	4	1.9056390622295665	0.6352130207431889	0.39655387879264703	0.0	moderate
301	1	0.0	0.0	0.0	0.0	conserved
302	2	0.5435644431995964	0.1811881477331988	0.11690986334028361	0.0	conserved
303	3	1.4056390622295665	0.4685463540765222	0.2869047559856295	0.0	moderate
304	2	0.954434002924965	0.318144667641655	0.1853881232945117	0.0	conserved
305	7	2.75	0.9166666666666666	0.6162280701754386	0.0	variable
306	3	1.2987949406953985	0.43293164689846614	0.2690974023966015	0.0	moderate
307	2	0.5435644431995964	0.1811881477331988	0.11690986334028361	0.0	conserved
308	6	2.4056390622295662	0.8018796874098554	0.5325187910733488	0.0	variable
309	1	0.0	0.0	0.0	0.0	conserved
310	7	2.75	0.9166666666666666	0.6162280701754386	0.0	variable
311	4	1.75	0.5833333333333334	0.3706140350877193	0.0	moderate
312	5	2.1556390622295662	0.7185463540765221	0.4645363349329979	0.0	moderate
313	6	2.5	0.8333333333333334	0.5482456140350878	0.0	variable
314	5	2.1556390622295662	0.7185463540765221	0.4645363349329979	0.0	moderate
315	2	0.5916727785823275	0.21075809614719848	0.13169483754728345	0.125	conserved
316	5	2.1280852788913944	0.7580392711198944	0.48428279345468406	0.125	moderate
317	1	0.0	0.0	0.0	0.125	conserved
318	1	0.0	0.0	0.0	0.125	conserved
319	4	1.6644977792004614	0.5929060718765461	0.37540040435932565	0.125	moderate
320	1	0.0	0.0	0.0	0.125	conserved
321	2	0.863120568566631	0.30744974986419643	0.18004066440578242	0.125	conserved
322	1	0.0	0.0	0.0	0.125	conserved
323	1	0.0	0.0	0.0	0.125	conserved
324	3	1.1488348542809166	0.4092232318950598	0.25724319489489833	0.125	moderate
325	1	0.0	0.0	0.0	0.125	conserved
326	2	0.863120568566631	0.30744974986419643	0.18004066440578242	0.125	conserved
327	3	1.1488348542809166	0.4092232318950598	0.25724319489489833	0.125	moderate
328	1	0.0	0.0	0.0	0.125	conserved
329	2	0.5916727785823275	0.21075809614719848	0.13169483754728345	0.125	conserved
330	6	2.5	0.8333333333333334	0.5482456140350878	0.0	variable
331	2	0.5435644431995964	0.1811881477331988	0.11690986334028361	0.0	conserved
332	2	0.8112781244591328	0.2704260414863776	0.16152881021687301	0.0	conserved
333	5	2.25	0.75	0.48026315789473684	0.0	moderate
334	5	2.1556390622295662	0.7185463540765221	0.4645363349329979	0.0	moderate
335	3	1.061278124459133	0.353759374819711	0.2295112663572239	0.0	moderate
336	3	1.2987949406953985	0.43293164689846614	0.2690974023966015	0.0	moderate
337	6	2.5	0.8333333333333334	0.5482456140350878	0.0	variable
338	4	1.5487949406953985	0.5162649802317995	0.3370798585369523	0.0	moderate
339	3	1.2987949406953985	0.43293164689846614	0.2690974023966015	0.0	moderate
340	7	2.75	0.9166666666666666	0.6162280701754386	0.0	variable
341	6	2.4056390622295662	0.8018796874098554	0.5325187910733488	0.0	variable
342	2	0.954434002924965	0.318144667641655	0.1853881232945117	0.0	conserved
343	5	2.1556390622295662	0.7185463540765221	0.4645363349329979	0.0	moderate
344	8	3.0	1.0	0.6842105263157895	0.0	variable
345	4	1.5487949406953985	0.5162649802317995	0.3370798585369523	0.0	moderate
346	4	1.75	0.5833333333333334	0.3706140350877193	0.0	moderate
